client_original,web_basename,source_px,source_bytes,2000w_bytes,2000w_dims,1200w_bytes,800w_bytes
Apex Website 2 1.jpg,technician-portrait-deck,1536x1024,301310,175508,1536x1024,113176,60222
Apex Website!  2.jpg,apex-general-shirt-logo,1536x1024,313337,202936,1536x1024,118040,54682
DSC05516 2.jpg,gas-line-install-log-home,6192x4128,4579757,429584,2000x1333,143968,67648
DSC05562 2.jpg,exhaust-vent-install-log-home,6192x4128,5054435,606330,2000x1333,201420,87958
DSC05564 2.jpg,crawlspace-access-wiring,6192x4128,4352267,466164,2000x1333,159104,67712
DSC05658 2.jpg,crew-on-site-log-home,6192x4128,3791548,457128,2000x1333,176902,87398
DSC05660 2.jpg,technician-portrait-log-home,6192x4128,2346551,201448,2000x1333,90232,49534
DSC05799 2.jpg,standby-generator-install-crew,6192x4128,4811218,556354,2000x1333,181588,79256
DSC05956 2.jpg,generator-service-deck,6192x4128,4240114,466672,2000x1333,180888,85980
DSC05988 2.jpg,standby-generator-commissioning,6192x4128,5172719,579538,2000x1333,204116,92276
DSC06064 2.jpg,generator-oil-check-closeup,6192x4128,3892247,302680,2000x1333,102576,50792
DSC06068 2.jpg,generator-control-panel-service,6192x4128,4607559,512614,2000x1333,179882,80330
DSC06130 2.jpg,generator-install-complete-gas-piping,6192x4128,5168051,635526,2000x1333,204468,86034
DSC06175 2.jpg,generac-standby-generator-installed,6192x4128,5566357,578740,2000x1333,173310,68802
DSC06183 (1) 2.jpg,technician-with-standby-generator,6192x4128,6026873,656236,2000x1333,220284,96648
DSC06184 (1) 2.jpg,standby-generator-log-cabin-wall,6192x4128,6017441,668224,2000x1333,223622,94854
above-all-plumbing-logo.jpg,apex-standby-generator-install,6192x4128,5868235,651528,2000x1333,212272,91928
